{
  "extends": "nx/presets/npm.json",
  "tasksRunnerOptions": {
    "default": {
      "runner": "nx/tasks-runners/default",
      "options": {
        "cacheableOperations": [
          "docusaurus",
          "build",
          "test",
          "swizzle",
          "deploy",
          "clear",
          "write-translations",
          "write-heading-ids",
          "typecheck",
          "test",
          "build:min"
        ]
      }
    }
  },
  "targetDefaults": {
    "build": {
      "dependsOn": [
        "^build"
      ]
    },"test": {
      "dependsOn": [
        "^test"
      ]
    }
  },
  "affected": {
    "defaultBase": "master"
  }
}
